256,188.656,130.872,
37.6656,29.8477,256,
256,101.09,101.334,
256,68.6081,11.4347,
182.041,256,245.61,
15.4443,88.9987,256,
68.9024,256,48.7665,
111.082,52.9184,256,
217.184,16.895,256,
195.85,106.885,256,
256,163.586,148.206,
256,133.552,97.1682,
69.1505,133.678,256,
71.4398,134.2,256,
224.984,256,153.1,
256,78.8612,230.475,
218.339,61.0844,256,
21.7396,256,219.749,
108.033,256,10.3497,
231.661,238.39,256,
256,2.86137,10.307,
95.1984,256,3.16859,
133.702,233.99,256,
256,0.424671,69.5825,
137.904,256,18.4026,
20.2302,250.915,256,
204.222,211.009,256,
198.1,256,99.6516,
256,90.0567,164.22,
115.536,256,199.165,
256,185.835,142.951,
9.82153,67.4171,256,
65.9052,256,172.922,
256,112.875,97.076,
157.311,237.808,256,
39.2842,165.792,256,
19.3674,0.854464,256,
162.674,35.7618,256,
93.4436,256,254.647,
198.975,148.728,256,
210.677,116.107,256,
46.3746,256,113.53,
256,152.051,186.552,
120.7,256,100.589,
256,132.769,83.5984,
81.5461,0.18809,256,
64.5872,256,66.7518,
256,31.5616,197.785,
256,48.325,189.723,
67.0264,256,11.862,
19.9702,256,207.628,
256,154.116,110.22,
256,103.729,83.4164,
256,212.993,19.9076,
60.0807,161.077,256,
256,46.8457,228.152,
256,51.3085,210.991,
242.078,256,212.044,
256,80.369,147.382,
256,198.655,31.3555,
124.688,39.5254,256,
256,89.9321,168.869,
112.431,256,156.43,
256,20.387,4.2252,
80.9317,256,206.246,
21.4133,256,75.2848,
47.8336,256,148.998,
106.262,256,238.8,
256,153.543,27.2753,
9.31818,256,55.4982,
52.1541,256,40.7634,
159.278,256,149.499,
256,175.821,205.77,
256,205.495,13.3015,
21.5944,256,125.656,
15.5483,235.793,256,
184.608,256,224.816,
256,28.8467,236.825,
25.9747,256,148.814,
74.9888,256,20.3661,
256,40.4458,21.7871,
256,112.57,240.832,
256,177.668,66.9282,
59.6424,256,255.854,
256,212.904,169.344,
115.416,256,253.289,
224.282,256,158.979,
201.188,248.159,256,
236.19,115.92,256,
175.042,256,67.9365,
256,253.387,62.3618,
256,213.165,239.56,
249.688,256,69.9286,
114.119,160.317,256,
163.26,256,135.59,
225.144,256,71.7249,
78.752,251.918,256,
179.574,256,127.403,
171.197,256,180.315,
116.999,170.227,256,
198.617,256,171.571,
77.009,256,56.6857,
256,169.942,187.396,
256,175.705,17.4809,
81.0251,132.241,256,
145.579,256,242.63,
10.4289,256,222.627,
60.8794,256,197.083,
256,20.0411,132.863,
256,52.5357,200.898,
256,137.761,113.567,
121.267,55.0114,256,
133.972,256,79.0684,
256,178.711,183.343,
15.6062,256,247.22,
256,22.6226,253.358,
256,56.7634,24.5976,
256,155.748,167.604,
256,183.964,89.5066,
256,68.3675,37.3843,
173.766,256,119.168,
87.5979,28.2662,256,
127.098,256,137.924,
256,144.4,32.9314,
169.858,256,181.723,
254.921,256,78.0486,
42.9265,131.096,256,
197.327,222.345,256,
169.801,256,2.2251,
256,205.319,245.773,
256,223.151,57.5106,
256,43.9687,9.58249,
256,26.0183,65.1708,
256,102.905,114.284,
194.524,256,47.2831,
178.032,256,103.792,
97.0993,99.0452,256,
256,13.543,178.256,
160.785,256,247.16,
256,168.617,152.954,
256,12.6438,24.4028,
14.6332,39.1739,256,
164.224,256,150.092,
109.904,256,238.563,
232.677,256,22.2901,
256,182.977,241.771,
256,21.6347,159.251,
256,192.121,38.8531,
251.163,204.156,256,
256,122.103,93.7243,
73.646,256,36.1772,
256,80.6716,190.636,
256,130.083,134.125,
48.6789,201.401,256,
250.889,256,191.404,
52.1453,256,179.241,
254.081,192.46,256,
24.3471,256,167.943,
60.9255,41.7527,256,
142.704,94.9435,256,
203.548,256,254.388,
256,3.51099,164.367,
256,147.364,82.7767,
256,0.0424921,237.105,
171.388,181.121,256,
256,148.768,153.685,
105.005,256,195.596,
119.567,256,247.73,
117.253,256,187.057,
192.55,256,91.6752,
213.765,256,9.01645,
64.2824,219.872,256,
107.935,256,3.94376,
256,33.4794,10.9987,
160.172,256,33.6958,
256,17.3063,91.7088,
46.9762,211.357,256,
191.317,74.2166,256,
256,134.948,236.622,
256,17.9249,231.34,
11.4814,256,221.48,
194.754,112.773,256,
147.003,52.8514,256,
196.409,256,151.951,
65.2525,256,62.1132,
256,73.3285,83.3945,
60.3645,159.379,256,
95.4932,33.6328,256,
256,183.796,195.723,
19.3168,118.847,256,
256,211.358,236.107,
71.5945,256,24.5844,
231.54,256,7.50347,
256,120.525,84.8687,
41.3206,172.982,256,
210.037,169.802,256,
192.996,62.2113,256,
188.126,256,11.9139,
249.49,256,173.385,
144.545,256,111.662,
253.812,256,193.535,
155.997,256,11.2753,
256,166.72,176.237,
256,124.38,128.596,
5.76978,256,227.361,
104.018,256,228.666,
45.2933,21.6187,256,
256,29.761,249.841,
12.9933,256,138.381,
72.6145,256,135.116,
256,34.9028,66.2943,
50.6505,256,245.276,
244.17,256,131.23,
180.893,256,71.7807,
18.9224,256,113.073,
256,33.7116,59.0934,
195.936,256,184.753,
192.219,256,87.2364,
247.446,256,11.9118,
256,32.9564,191.292,
18.2501,188.377,256,
106.466,256,165.239,
100.929,90.9752,256,
218.414,256,169.207,
92.2508,66.1884,256,
256,103.298,141.789,
129.428,256,54.3944,
253.501,256,41.438,
3.64525,202.276,256,
116.242,256,22.1152,
4.93755,182.05,256,
83.9529,256,35.4815,
126.267,106.23,256,
74.2801,168.778,256,
14.0392,206.16,256,
43.075,256,1.66961,
126.465,256,245.09,
12.1483,98.7558,256,
166.09,256,76.2693,
119.416,223.877,256,
256,159.999,7.73349,
17.3081,195.094,256,
256,36.4097,55.9752,
241.211,39.1974,256,
122.866,256,236.76,
17.8101,256,154.561,
78.2519,88.1757,256,
256,110.557,195.648,
19.6952,193.791,256,
256,159.281,97.0855,
256,225.37,116.138,
203.001,125.089,256,
4.63044,256,56.7094,
132.138,41.4475,256,
170.295,256,37.5776,
154.445,201.659,256,
93.0291,97.4943,256,
62.9704,12.6607,256,
208.064,256,196.775,
6.85039,111.333,256,
195.524,197.043,256,
256,23.2817,87.1401,
256,50.6166,58.5464,
88.0545,111.555,256,
191.876,242.675,256,
256,172.305,210.051,
39.5759,256,165.679,
15.7262,256,157.726,
256,60.1814,76.7861,
181.519,14.9398,256,
82.162,82.0598,256,
256,108.855,208.716,
164.152,147.809,256,
256,125.931,227.189,
87.7707,256,211.574,
52.7791,256,110.814,
42.3821,211.903,256,
173.902,87.29,256,
250.365,8.95125,256,
167.205,160.197,256,
228.827,256,215.783,
21.8488,203.826,256,
58.6545,256,69.27,
113.501,256,86.1913,
256,209.723,50.6898,
256,0.822004,9.68033,
52.3839,0.364362,256,
256,118.216,209.253,
211.302,227.393,256,
50.7526,144.587,256,
230.405,208.604,256,
256,135.616,63.7944,
178.482,256,200.566,
256,228.585,194.495,
51.4075,256,124.057,
256,102.352,50.2595,
256,234.194,215.032,
65.6457,256,10.5562,
243.003,256,253.209,
256,104.987,121.845,
146.124,219.111,256,
256,150.293,120.29,
254.926,133.304,256,
52.9434,256,217.9,
194.282,27.208,256,
180.975,160.361,256,
213.063,76.3625,256,
31.2102,91.6375,256,
134.09,86.9842,256,
256,52.8827,183.479,
120.501,256,20.8214,
164.025,256,200.661,
19.909,72.0514,256,
256,178.747,39.7578,
249.95,58.391,256,
166.186,256,114.407,
256,52.7316,77.2284,
21.2778,73.629,256,
53.6545,256,31.4078,
67.4335,174.554,256,
238.88,256,107.022,
256,62.4186,121.784,
256,255.496,223.838,
167.112,256,12.6283,
256,254.369,104.688,
256,254.185,121.428,
256,158.885,167.155,
50.5649,237.987,256,
226.123,35.2975,256,
126.558,256,216.904,
46.4875,186.174,256,
256,40.1176,55.095,
189.433,256,97.003,
148.911,256,56.0931,
247.554,167.495,256,
230.768,256,255.206,
77.4059,93.1565,256,
118.351,74.7725,256,
85.689,196.825,256,
256,187.208,66.0887,
40.6913,256,81.3363,
256,93.1211,116.381,
44.4643,256,142.223,
174.454,45.3932,256,
212.215,206.52,256,
51.6166,256,104.666,
8.27286,44.8571,256,
56.4856,162.646,256,
10.4661,130.289,256,
144.418,256,13.0176,
206.888,256,198.146,
146.743,256,146.683,
250.186,256,78.6683,
50.654,250.444,256,
256,1.46186,122.933,
3.39385,17.747,256,
256,107.279,141.266,
87.5965,83.8959,256,
174.72,256,155.213,
108.712,219.356,256,
256,211.493,167.302,
127.271,256,200.66,
256,124.595,229.015,
256,155.244,247.073,
256,158.76,88.2369,
256,52.5646,104.75,
48.0625,152.887,256,
214.135,256,159.716,
182.544,256,26.0097,
219.084,256,128.412,
256,227.282,50.7508,
244.176,256,59.0519,
256,235.384,215.995,
204.353,15.6962,256,
216.977,256,194.66,
71.3124,174.365,256,
256,113.004,73.5364,
90.1769,256,189.623,
256,193.141,131.46,
256,131.77,204.838,
256,100.224,99.8877,
105.64,256,151.568,
256,219.981,151.551,
82.2696,177.577,256,
256,250.982,106.097,
256,79.8042,85.6709,
256,43.8879,168.732,
256,4.98648,236.005,
247.417,112.021,256,
92.1358,133.434,256,
94.3031,182.832,256,
256,229.723,103.781,
256,133.841,78.2897,
256,86.4595,250.956,
163.017,256,203.436,
149.48,256,24.5148,
256,146.625,167.159,
112.475,256,216.6,
234.172,256,208.349,
250.206,256,247.696,
235.24,256,214.868,
256,94.6788,93.1839,
81.6937,234.898,256,
170.775,47.2564,256,
211.478,256,198.08,
130.982,256,200.427,
200.16,82.7696,256,
139.826,256,26.8036,
48.373,232.127,256,
9.61231,87.9408,256,
256,95.3607,146.52,
206.308,256,240.223,
126.612,249.145,256,
256,124.671,52.842,
83.059,256,34.3484,
256,60.6287,30.1025,
10.0335,236.54,256,
88.1187,256,128.765,
211.783,256,203.266,
256,170.529,162.142,
256,38.6338,107.054,
157.224,256,25.7741,
182.119,58.5205,256,
69.0594,256,37.0568,
143.449,210.38,256,
256,29.2802,133.382,
235.784,96.7974,256,
256,107.08,167.858,
256,184.022,177.997,
82.0548,256,199.622,
66.0664,113.974,256,
256,65.467,78.6705,
243.241,67.3507,256,
128.319,253.119,256,
74.5289,83.5659,256,
256,24.8701,153.146,
106.243,236.503,256,
256,123.933,77.0512,
252.245,256,85.6746,
36.7416,213.037,256,
78.1578,14.22,256,
56.4769,256,156.041,
35.683,230.164,256,
24.0002,256,72.2764,
98.4653,106.238,256,
234.486,256,114.254,
256,176.207,116.876,
256,223.903,146.024,
3.54542,68.9979,256,
63.356,135.479,256,
64.9447,84.2033,256,
256,86.2586,59.3281,
76.0508,256,140.046,
83.2019,76.6172,256,
54.6708,53.8282,256,
241.584,256,88.4606,
200.614,17.1877,256,
256,14.3531,226.957,
256,25.7545,103.353,
216.559,14.5331,256,
33.6204,256,37.048,
184.6,256,25.3861,
256,235.974,211.048,
88.9118,84.5443,256,
30.0714,241.695,256,
117.275,256,53.0206,
206.274,256,249.27,
256,18.988,124.053,
27.7923,48.3667,256,
256,97.8864,220.176,
256,140.731,180.526,
141.596,143.641,256,
114.361,256,203.272,
256,167.007,166.054,
256,142.667,147.906,
25.343,256,47.8855,
112.879,256,233.372,
39.8865,256,110.508,
256,221.461,93.2106,
156.632,174.389,256,
219.111,256,90.901,
33.7403,256,140.466,
256,252.678,207.628,
239.352,256,29.366,
256,10.1267,245.832,
256,48.7033,28.6757,
28.5439,256,169.451,
256,10.1322,93.4563,
169.641,241.43,256,
130.219,29.7888,256,
256,186.034,174.31,
256,58.0815,157.178,
256,71.53,69.5179,
256,60.3621,176.821,
191.136,156.137,256,
256,120.378,144.991,
127.854,256,233.698,
33.975,25.1625,256,
232.496,49.66,256,
175.462,34.3111,256,
256,118.436,135.836,
110.617,256,135.05,
218.049,256,185.262,
256,91.3087,233.557,
53.1345,10.7141,256,
256,62.819,164.206,
89.6019,256,242.829,
224.311,102.072,256,
79.4809,176.432,256,
213.016,254.422,256,
183.249,179.606,256,
244.492,62.2487,256,
145.581,32.9647,256,
256,124.1,41.9402,
164.194,256,225.04,
133.421,136.685,256,
256,134.007,215.013,
127.794,256,138.616,
129.008,256,65.4146,
256,204.861,233.995,
1.99441,256,236.434,
112.456,69.5418,256,
25.3297,190.146,256,
167.174,256,142.845,
202.473,256,10.0927,
67.8952,256,167.255,
175.246,62.5934,256,
30.505,256,170.769,
154.886,119.068,256,
198.505,221.689,256,
256,0.252404,208.418,
143.033,256,109.222,
256,204.399,196.042,
135.319,11.2922,256,
156.877,77.7442,256,
256,184.409,30.7619,
106.191,197.693,256,
256,154,159.313,
53.0129,112.865,256,
89.4514,256,170.871,
66.8666,22.7802,256,
214.973,256,225.81,
46.8131,93.3325,256,
180.947,256,144.18,
106.416,256,179.574,
111.879,106.167,256,
148.877,215.305,256,
256,240.89,48.6057,
176.346,155.165,256,
61.9588,256,236.931,
26.9906,256,33.8869,
256,40.7649,239.422,
53.0061,34.3065,256,
104.226,46.9397,256,
226.258,117.293,256,
72.6691,60.0786,256,
256,226.272,97.4249,
255.984,194.507,256,
147.826,256,51.2583,
256,18.0123,72.5456,
256,4.30465,234.329,
256,55.6733,132.508,
256,203.299,77.7946,
32.3072,160.146,256,
256,98.6977,66.8667,
256,4.69646,0.118281,
140.843,256,173.53,
256,89.8391,98.1337,
169.207,240.785,256,
165.675,256,189.483,
256,137.461,119.077,
58.2569,256,17.8821,
9.65158,105.785,256,
46.8605,256,221.886,
236.273,35.2891,256,
83.1263,73.2517,256,
51.4557,256,25.4744,
201.813,40.7548,256,
158.55,256,55.8375,
256,160.349,150.138,
252.338,256,44.1896,
102.455,13.2248,256,
256,151.115,78.8318,
225.365,228.222,256,
185.494,256,247.978,
232.588,180.903,256,
256,190.479,196.853,
11.8749,75.2761,256,
152.85,88.3476,256,
256,238.972,169.779,
207.405,139.572,256,
122.088,256,98.5725,
72.3672,67.8612,256,
18.1549,155.722,256,
63.5225,256,108.517,
16.4912,256,45.4401,
122.931,18.4166,256,
99.139,256,39.0788,
186.88,174.961,256,
80.9793,256,117.013,
146.294,256,213.767,
256,247.85,165.714,
256,224.138,194.176,
256,219.432,28.8176,
248.08,256,237.075,
252.896,256,186.528,
28.0333,22.9219,256,
4.11256,256,215.644,
248.21,256,226.42,
256,172.789,75.4324,
252.04,251.267,256,
85.4859,152.726,256,
114.287,188.024,256,
182.524,224.463,256,
197.784,149.746,256,
256,45.4583,206.568,
76.857,256,40.0836,
256,171.384,70.504,
141.409,183.571,256,
171.129,256,227.896,
256,254.958,181.822,
256,8.30699,173.507,
256,42.4059,148.163,
63.0305,256,90.2934,
256,188.019,71.7024,
177.823,219.384,256,
255.697,67.065,256,
256,47.198,96.6126,
141.672,157.953,256,
251.679,123.455,256,
81.0868,239.019,256,
172.989,166.995,256,
51.5252,191.857,256,
256,147.414,71.4325,
114.682,256,227.99,
256,244.128,200.465,
159.574,256,120.375,
201.995,256,239.017,
256,181.058,139.241,
256,72.605,208.62,
100.719,191.268,256,
235.171,256,80.9361,
207.184,119.507,256,
56.1014,24.5705,256,
76.0922,34.8206,256,
256,169.095,131.063,
118.293,42.5065,256,
238.616,148.885,256,
238.548,22.44,256,
116.892,95.259,256,
232.791,179.791,256,
130.822,256,238.297,
70.1825,256,43.8261,
35.1467,169.346,256,
256,143.555,194.798,
208.306,239.526,256,
68.8796,256,71.2357,
256,141.574,6.81857,
256,77.4242,122.963,
226.323,256,128.157,
130.028,256,155.337,
217.895,256,49.1364,
256,189.63,39.2175,
157.353,256,44.7637,
83.99,204.535,256,
256,98.8308,174.756,
159.627,256,141.452,
256,132.278,159.329,
163.36,256,189.039,
256,66.9964,108.385,
113.646,256,11.8597,
85.3178,256,246.316,
256,34.2473,196.478,
177.586,90.3988,256,
35.0883,180.575,256,
214.842,226.924,256,
256,119.897,204.063,
49.9213,256,116.323,
32.7632,62.0372,256,
256,28.8839,175.655,
48.1218,256,224.159,
256,7.91884,90.3028,
27.909,256,146.624,
256,106.045,180.597,
142.751,256,139.404,
256,168.984,133.851,
118.856,256,57.8319,
34.0269,39.8084,256,
207.317,256,31.9558,
256,209.142,166.071,
25.6421,256,4.42402,
256,57.4287,213.109,
256,22.0488,208.798,
256,145.135,54.6131,
13.3455,256,14.9667,
118.917,256,110.494,
256,67.5446,74.6343,
256,9.12988,158.851,
136.879,146.693,256,
7.77345,239.837,256,
26.9543,142.895,256,
19.0652,256,110.901,
33.8329,143.104,256,
77.1645,113.938,256,
43.9301,256,197.095,
218.145,256,214.975,
171.544,256,254.478,
143.331,150.697,256,
172.743,148.137,256,
157.693,55.8609,256,
25.652,68.9398,256,
256,104.899,244.247,
123.502,256,191.93,
163.907,128.998,256,
131.008,94.7268,256,
256,44.8749,248.181,
256,103.15,230.09,
235.391,256,76.5767,
78.9327,256,92.8986,
86.6391,174.497,256,
256,48.9147,245.699,
118.736,256,175.448,
18.8303,235.557,256,
119.456,256,238.072,
161.939,175.314,256,
218.42,152.181,256,
171.074,175.805,256,
97.5649,254.471,256,
249.458,148.922,256,
250.538,256,167.202,
256,183.052,139.659,
256,193.227,194.957,
18.0436,256,117.223,
8.90991,238.034,256,
57.8231,256,102.483,
191.584,256,159.873,
175.533,256,9.40453,
256,225.111,35.1967,
248.861,256,116.849,
256,3.29753,143.414,
256,105.137,224.292,
108.279,234.039,256,
139.494,256,203.203,
121.511,199.178,256,
224.171,128.825,256,
185.705,256,168.295,
173.349,256,9.48792,
244.345,256,159.417,
49.9328,113.379,256,
256,110.526,177.123,
96.2794,22.9374,256,
22.867,256,59.4431,
256,249.899,14.0301,
118.774,105.627,256,
167.494,256,44.0072,
256,212.465,61.2636,
256,209.012,176.031,
209.166,256,225.086,
256,105.674,153.673,
256,188.257,240.664,
86.7777,256,184.994,
256,6.10496,10.9113,
256,208.275,30.1662,
256,100.523,50.0659,
253.46,256,9.90167,
256,145.396,12.408,
256,60.839,62.7068,
129.555,256,82.1156,
66.1866,256,181.976,
256,234.777,252.894,
248.391,256,243.711,
85.2232,105.87,256,
138.126,216.968,256,
256,137.698,144.063,
244.192,47.2572,256,
45.2982,46.3254,256,
44.9417,256,133.756,
121.5,238.096,256,
164.578,256,119.467,
205.709,256,79.6508,
129.579,256,58.0152,
90.8432,256,231.432,
256,199.009,213.263,
9.29253,256,226.519,
66.338,256,45.0725,
256,69.7223,246.799,
237.677,115.624,256,
256,28.1114,73.9238,
229.443,256,218.475,
256,98.9869,74.5227,
7.87286,219.894,256,
96.1962,174.933,256,
51.5466,256,138.944,
217.186,79.2829,256,
256,62.0268,66.3326,
256,148.145,13.4967,
256,125.808,40.6574,
97.6441,213.444,256,
256,41.0059,49.7274,
218.851,116.667,256,
180.762,256,78.1026,
253.781,213.042,256,
256,224.516,117.883,
164.66,256,207.286,
256,5.63063,164.321,
131.878,141.539,256,
5.6986,188.377,256,
203.056,256,118.152,
178.994,256,153.598,
256,228.901,151.187,
215.461,231.172,256,
256,215.757,182.559,
248.487,256,149.727,
112.514,18.2579,256,
92.6727,106.366,256,
138.619,143.179,256,
256,176.792,143.489,
185.018,256,220.705,
80.4661,256,40.3069,
256,253.872,225.86,
201.705,256,57.6222,
178.482,256,185.561,
115.902,256,178.654,
84.093,93.797,256,
256,166.362,184.944,
39.725,2.45411,256,
3.55601,256,189.397,
151.87,146.217,256,
223.583,140.238,256,
256,3.86665,55.6403,
176.405,256,62.613,
256,247.046,55.377,
256,157.28,155.078,
146.77,172.454,256,
101.667,41.4342,256,
114.644,256,208.27,
13.7517,114.649,256,
148.276,72.4242,256,
149.136,256,8.7276,
256,138.147,42.2284,
146.844,256,104.104,
18.6523,256,47.5708,
256,212.667,98.7711,
256,71.7118,240.356,
45.6287,182.047,256,
30.9682,256,99.5771,
82.9832,219.395,256,
256,123.573,6.71497,
84.5876,256,182.662,
233.858,256,1.68068,
206.318,5.0041,256,
114.861,256,206.701,
256,244.039,238.015,
256,219.925,22.2819,
256,112.994,121.523,
74.2107,226.976,256,
87.7388,256,85.3589,
47.771,256,9.68038,
6.23739,174.679,256,
21.6268,45.1463,256,
169.457,222.891,256,
111.089,256,196.097,
227.891,184.157,256,
103.481,18.2865,256,
131.853,256,160.614,
113.125,256,159.5,
58.9261,256,169.654,
256,46.1563,79.9846,
256,177.313,171.718,
149.156,256,40.6319,
235.149,10.0201,256,
133.714,256,210.066,
5.97989,256,155.094,
219.86,42.3905,256,
213.852,256,40.5201,
59.1923,256,113.977,
256,166.215,61.5508,
256,90.2654,219.258,
26.0598,256,103.403,
76.7831,256,45.7079,
256,70.0303,189.054,
161.672,130.008,256,
256,78.3373,10.9342,
256,130.881,195.164,
157.123,256,47.5678,
212.604,253.777,256,
256,216.356,90.8063,
256,177.525,156.204,
256,230.67,224,
256,130.248,69.5034,
48.1344,83.574,256,
102.362,5.22809,256,
256,23.2059,86.5476,
204.867,110.498,256,
256,188.894,144.442,
231.543,138.577,256,
165.329,256,244.8,
70.1608,7.76996,256,
102.011,201.58,256,
49.4164,194.199,256,
256,218.69,229.277,
256,9.70437,217.915,
256,254.026,95.7147,
256,147.512,91.7958,
256,253.425,165.112,
59.7098,256,15.002,
256,74.1114,241.699,
27.6587,256,112.906,
256,86.4782,49.0312,
243.788,256,211.415,
88.205,74.9415,256,
256,10.6582,142.312,
256,8.12039,179.926,
154.647,197.221,256,
95.8115,256,98.1988,
256,163.921,186.377,
108.072,182.679,256,
200.524,98.7505,256,
256,191.327,14.1942,
231.738,13.2652,256,
186.899,256,0.859342,
256,1.29875,14.5887,
216.76,200.137,256,
256,129.433,55.2732,
256,1.95877,191.706,
256,191.383,32.072,
256,127.477,115.154,
195.205,256,204.455,
65.3734,256,185.586,
230.46,247.3,256,
92.0673,256,177.376,
256,251.388,51.9272,
138.102,256,185.109,
256,213.704,62.7592,
222.387,256,250.655,
240.754,107.228,256,
127.867,63.4791,256,
164.553,138.902,256,
256,252.49,83.9535,
256,54.8747,201.138,
77.1855,222.916,256,
213.807,256,58.2239,
102.505,256,55.9413,
205.529,236.154,256,
119.135,256,201.509,
12.4484,256,149.953,
5.19641,256,20.7845,
256,41.0258,169.336,
24.1285,206.982,256,
256,191.875,139.422,
256,241.042,160.64,
212.589,68.4521,256,
256,246.918,205.869,
202.01,4.91778,256,
11.1196,256,224.615,
186.072,56.8806,256,
246.079,256,223.055,
57.377,256,170.191,
146.697,256,188.454,
256,93.3889,93.1689,
256,188.8,136.353,
256,158.535,227.912,
136.746,50.2527,256,
7.38457,131.539,256,
165.778,230.943,256,
28.8428,175.412,256,
8.74582,256,160.61,
102.465,256,123.682,
165.042,40.9979,256,
187.704,256,55.4579,
198.224,256,102.285,
98.3306,256,54.7652,
256,179.303,149.272,
256,25.522,76.8392,
85.2523,39.3881,256,
166.867,85.5587,256,
62.8321,13.4674,256,
197.383,256,10.8841,
35.9452,249.688,256,
60.139,256,137.126,
30.0421,256,166.055,
164.852,256,178.265,
256,193.214,107.816,
256,185.429,13.4247,
256,138.853,28.909,
256,86.5775,85.1091,
218.265,256,165.003,
256,25.3449,51.5157,
20.5957,256,112.351,
67.4694,256,240.442,
256,63.4345,128.688,
176.231,256,7.12401,
89.3247,148.934,256,
58.1088,158.465,256,
207.823,256,209.561,
256,189.694,35.5757,
27.2563,7.65111,256,
29.5137,256,84.7429,
229.921,189.091,256,
256,12.5391,108.968,
231.113,256,225.91,
236.798,209.251,256,
61.9324,137.991,256,
110.469,64.9056,256,
256,107.754,25.5154,
107.299,256,94.0258,
28.4412,121.755,256,
195.809,233.467,256,
256,99.1812,251.68,
54.7518,256,67.2839,
256,107.798,226.747,
108.912,256,141.119,
30.3953,256,28.7188,
80.3427,256,126.42,
256,103.466,44.164,
256,255.267,50.6382,
76.1442,256,1.70429,
55.3032,256,215.655,
256,5.68168,131.201,
102.786,222.341,256,
96.2607,134.161,256,
36.9553,210.21,256,
256,32.8547,18.4155,
90.0863,229.349,256,
256,27.7231,99.7195,
83.8804,256,3.93385,
49.2392,256,69.1169,
256,88.708,116.914,
182.462,192.165,256,
205.562,119.138,256,
55.2855,256,82.8064,
254.112,189.994,256,
256,137.847,156.103,
180.511,169.377,256,
154.551,144.203,256,
256,53.0158,46.9989,
115.925,256,34.7431,
179.457,60.2044,256,
234.507,3.36207,256,
137.63,75.4519,256,
83.243,118.495,256,
34.2923,256,31.8133,
256,133.372,100.507,
107.577,256,153.444,
167.967,249.659,256,
195.543,256,25.9788,
130.118,2.4585,256,
6.21562,57.4082,256,
179.388,53.9912,256,
256,250.66,163.449,
40.5615,3.40128,256,
241.397,72.4732,256,
256,115.263,38.5096,
5.53239,59.6079,256,
234.668,134.52,256,
88.3943,256,225.406,
10.6386,242.903,256,
256,134.769,62.4055,
160.326,58.2347,256,
256,63.3445,38.8096,
169.444,68.2555,256,
166.863,98.8722,256,
19.4716,106.189,256,
221.505,116.186,256,
256,197.072,220.599,
132.697,256,35.4552,
45.5955,256,13.6577,
30.6486,228.691,256,
79.5381,256,16.9389,
70.3193,250.877,256,
256,86.2052,24.4426,
193.139,28.0954,256,
23.3056,190.507,256,
190.828,180.09,256,
205.749,76.2869,256,
133.06,165.143,256,
147.044,256,103.931,
8.22893,256,199.581,
161.072,5.23795,256,
111.851,203.921,256,
256,47.2081,238.139,
203.663,46.1541,256,
256,159.139,141.75,
70.9524,256,249.279,
256,18.2114,73.7036,
94.3708,63.159,256,
133.476,127.367,256,
256,197.982,79.0235,
47.7563,190.234,256,
253.596,256,121.084,
61.4846,148.433,256,
256,206.228,164.922,
41.8169,256,60.2318,
12.1531,119.526,256,
41.5828,256,200.633,
15.6513,256,146.691,
182.487,231.269,256,
233.515,133.357,256,
256,56.912,110.408,
46.7483,190.141,256,
157.212,239.979,256,
36.2817,256,220.133,
171.15,118.331,256,
78.5842,256,176.825,
38.5836,256,64.5835,
61.0299,243.563,256,
170.763,180.263,256,
182.712,256,220.814,
56.6092,172.336,256,
176.622,256,101.428,
146.08,256,29.6329,
256,41.6045,172.933,
124.1,256,252.986,
53.7774,0.36119,256,
146.743,36.2688,256,
189.165,256,184.597,
183.224,253.115,256,
250.471,256,48.7873,
228.298,256,23.7966,
168.073,256,57.1446,
256,75.0115,225.093,
256,218.896,161.409,
256,6.76042,59.6608,
256,204.279,156.916,
168.498,256,196.964,
33.8488,147.838,256,
169.514,55.4847,256,
49.4672,81.4867,256,
130.022,256,144.69,
151.829,256,62.696,
256,97.2965,138.869,
129.987,256,50.7747,
102.419,256,247.871,
185.806,105.271,256,
133.504,226.257,256,
162.667,256,32.5794,
256,248.426,201.656,
231.034,256,160.928,
198.646,256,126.675,
256,217.353,235.66,
256,63.6174,249.785,
222.957,256,253.789,
256,195.435,122.28,
227.049,50.5726,256,
256,71.0922,2.33401,
256,179.854,50.9535,
1.87272,143.861,256,
31.374,256,156.968,
181.39,256,180.634,
135.252,65.3614,256,
0.911776,80.8822,256,
13.7812,256,183.444,
241.724,256,12.567,
38.5674,16.6056,256,
256,146.807,156.401,
256,181.836,201.749,
256,35.3086,135.939,
256,141.669,38.7381,
43.5157,185.446,256,
174.824,37.8423,256,
256,68.8383,93.1641,
139.024,54.2444,256,
74.7993,256,114.625,
36.5373,256,123.081,
256,127.701,183.846,
10.5577,256,131.614,
191.76,256,225.012,
78.2434,97.4627,256,
256,219.571,175.906,
256,209.016,152.584,
256,38.1171,165.278,
255.321,138.077,256,
256,198.146,187.22,
240.91,240.037,256,
227.677,40.7575,256,
218.631,241.568,256,
256,138.628,127.15,
256,212.405,126.788,
44.3689,27.2304,256,
256,154.551,55.5258,
256,51.8186,192.926,
120.245,194.523,256,
218.438,122.47,256,
256,101.314,225.226,
201.285,256,125.072,
256,24.1799,65.7357,
221.058,256,72.9146,
172.377,256,40.1098,
256,192.931,245.383,
215.268,230.781,256,
94.3763,228.065,256,
256,254.119,28.737,
152.03,139.124,256,
256,195.464,179.54,
256,158.063,64.3776,
237.918,149.878,256,
256,31.9422,151.622,
138.434,256,51.836,
21.8268,51.4822,256,
256,101.782,49.4488,
256,41.7867,147.589,
119.568,154.344,256,
226.408,27.0232,256,
256,220.692,39.3578,
200.864,157.433,256,
256,132.838,219.297,
31.4651,66.6372,256,
256,246.315,4.51351,
256,139.24,174.848,
214.015,208.435,256,
256,81.3565,132.76,
102.552,139.159,256,
256,78.6993,31.7367,
256,1.86846,79.2185,
91.2602,256,145.901,
256,254.076,188.28,
45.8485,256,52.992,
207.847,256,235.14,
117.291,90.0886,256,
256,209.225,168.067,
233.954,256,201.092,
194.029,256,226.635,
246.124,256,28.4163,
124.464,256,229.075,
252.179,256,239.363,
17.8493,107.711,256,
256,1.46284,107.323,
193.434,256,109.834,
185.892,256,72.235,
232.233,256,188.644,
22.6805,234.875,256,
20.5029,256,153.804,
192.483,256,240.421,
0.537401,40.244,256,
86.6443,235.617,256,
198.194,256,69.3936,
199.13,48.2694,256,
256,193.387,57.4158,
256,120.746,11.006,
242.212,252.104,256,
4.60398,102.648,256,
239.825,256,26.9963,
109.536,256,151.564,
136.729,256,105.371,
74.7627,256,189.37,
167.731,156.314,256,
234.805,256,236.705,
256,38.9361,112.004,
187.52,36.8918,256,
248.238,8.05808,256,
256,26.5954,170.938,
170.084,256,230.148,
238.182,256,72.6248,
57.4566,111.086,256,
170.823,240.448,256,
177.329,143.456,256,
197.584,256,232.906,
256,179.408,170.914,
71.2096,256,200.974,
18.7153,218.335,256,
148.91,95.9349,256,
60.5469,231.437,256,
139.611,94.9188,256,
256,38.5179,167.934,
4.55074,256,213.892,
17.3745,139.35,256,
37.3083,133.287,256,
47.5302,256,49.7441,
81.4654,244.65,256,
256,119.884,208.588,
80.3027,253.706,256,
256,135.846,84.3866,
243.246,256,44.6353,
256,12.4669,225.167,
256,221.252,14.9505,
256,204.422,157.881,
24.5066,256,4.58734,
83.0897,256,56.5362,
226.949,40.4329,256,
256,131.022,27.6683,
244.856,256,2.2213,
212.416,256,224.289,
256,17.6442,212.468,
122.136,256,63.839,
80.5818,256,128.99,
70.5818,9.88543,256,
153.333,256,93.4532,
17.6018,256,157.726,
254.844,256,168.257,
256,16.9343,173.23,
94.1148,241.66,256,
256,6.97459,179.771,
29.2093,256,155.792,
122.669,2.7822,256,
110.394,256,248.913,
21.8254,256,196.904,
25.4399,130.204,256,
252.649,144.894,256,
256,55.8854,84.9455,
56.6499,94.2572,256,
72.0686,256,20.6513,
70.9933,223.826,256,
185.065,110.277,256,
12.8559,256,188.854,
256,201.802,254.651,
256,132.569,100.317,
142.509,256,45.0498,
56.7425,150.481,256,
256,141.24,104.957,
77.8526,136.371,256,
159.712,53.3124,256,
236.419,256,145.763,
256,186.362,13.4843,
141.778,156.125,256,
57.0506,209.92,256,
8.64259,17.7066,256,
244.763,65.7824,256,
256,157.99,175.543,
256,195.979,94.1804,
7.87454,256,69.5761,
8.1876,256,103.792,
246.086,256,226.113,
256,178.727,7.26017,
256,208.024,109.242,
88.4093,256,162.232,
150.042,256,155.501,
256,255.357,205.657,
256,205.064,85.7944,
53.0847,177.302,256,
127.667,42.5262,256,
256,137.45,75.9716,
62.2541,156.424,256,
246.416,215.702,256,
256,72.711,47.2933,
79.0106,116.592,256,
195.293,256,45.8933,
85.6195,227.217,256,
55.4387,256,179.238,
127.721,226.757,256,
16.0404,194.05,256,
152.234,249.057,256,
256,11.7961,114.957,
256,226.688,185.196,
256,85.2285,231.157,
256,109.978,131.695,
72.6452,256,203.541,
136.401,256,17.7422,
105.708,109.831,256,
256,108.949,37.1349,
256,233.824,12.9452,
256,225.209,56.9359,
27.9495,24.4331,256,
124.791,256,39.947,
256,226.282,143.781,
243.454,256,233.261,
214.096,159.641,256,
256,166.738,104.559,
192.279,127.256,256,
253.055,173.878,256,
256,105.443,215.041,
256,250.774,58.8596,
55.3163,32.3766,256,
256,34.8287,186.899,
1.11422,82.2002,256,
64.277,256,3.8007,
256,79.9815,123.238,
33.7419,229.712,256,
94.0747,256,82.8408,
256,25.4548,219.672,
256,207.581,209.246,
243.449,209.508,256,
256,18.844,97.9589,
256,163.996,117.457,
256,18.2273,239.798,
256,24.0982,2.50455,
227.987,37.2741,256,
211.939,194.913,256,
256,205,29.8756,
131.16,101.205,256,
107.451,5.62837,256,
256,54.9106,50.8132,
118.361,256,50.1923,
256,201.743,234.258,
256,77.5556,90.7808,
256,77.0716,253.81,
57.8969,200.718,256,
82.6361,86.6724,256,
235.59,256,236.439,
59.4984,145.179,256,
6.24684,244.037,256,
208.994,26.3537,256,
169.969,256,8.63729,
81.5202,161.391,256,
256,96.8768,97.3762,
173.536,162.229,256,
230.391,119.29,256,
256,19.7699,24.9743,
86.9017,91.7555,256,
256,208.996,244.32,
198.033,176.566,256,
256,42.1277,226.333,
179.613,129.258,256,
211.047,214.776,256,
147.309,256,197.244,
256,232.351,24.3267,
256,188.691,117.895,
175.112,256,216.153,
161.449,256,45.9528,
256,225.879,14.3877,
256,69.5618,169.856,
219.071,256,253.991,
75.4184,112.206,256,
151.109,256,235.016,
37.0842,256,186.715,
256,66.944,163.022,
256,22.1252,230.692,
129.644,256,184.922,
256,237.265,206.216,
179.113,256,65.7029,
8.05147,215.938,256,
256,88.6495,85.6588,
150.107,256,126.907,
201.527,10.1217,256,
78.2503,182.609,256,
190.304,256,4.63367,
183.262,256,72.2539,
256,84.2098,224.865,
207.525,207.807,256,
256,91.5685,66.5757,
256,167.825,247.812,
46.2932,256,30.4362,
81.2313,148.094,256,
252.613,49.5833,256,
152.214,82.8995,256,
205.316,195.406,256,
256,120.251,143.181,
131.479,227.474,256,
167.911,128.254,256,
256,218.699,129.312,
2.97651,256,167.085,
256,38.6801,169.916,
255.41,3.75258,256,
112.527,256,203.612,
22.3722,256,203.794,
149.621,256,51.9145,
213.311,11.5831,256,
256,175.545,112.594,
256,56.338,11.6323,
256,11.6181,1.54896,
88.0548,77.5551,256,
256,251.417,75.26,
83.0306,256,239.219,
256,167.835,97.8037,
113.613,256,88.1708,
170.061,256,107.149,
256,127.555,123.525,
256,77.5001,201.627,
248.203,68.7331,256,
137.867,256,96.1856,
120.541,11.7883,256,
234.631,256,231.594,
104.225,256,105.484,
224.972,256,3.37906,
67.3012,256,71.0949,
256,87.1341,187.023,
256,14.3216,177.053,
244.616,256,159.818,
121.821,256,218.858,
256,180.126,12.1563,
30.0145,256,231.872,
13.8323,256,14.5052,
256,187.079,66.7273,
256,33.2734,191.484,
133.651,256,65.6954,
256,128.498,201.252,
132.651,256,98.6917,
256,138.819,76.9263,
122.995,256,144.456,
69.7311,145.551,256,
256,106.015,155.18,
186.809,217.325,256,
256,50.2467,80.1023,
86.8543,256,16.8593,
256,27.3193,201.382,
76.1934,35.4822,256,
59.8625,253.932,256,
256,173.35,209.359,
256,114.59,52.1863,
256,164.356,176.655,
24.9346,225.336,256,
256,74.6594,191.383,
256,63.3413,122.209,
188.263,256,180.242,
256,209.873,60.8548,
197.963,200.603,256,
35.9253,256,68.3866,
256,126.197,117.664,
160.007,58.0427,256,
38.5268,256,100.656,
256,138.3,124.267,
36.1425,256,9.76021,
251.42,256,58.2671,
37.0044,215.007,256,
256,149.125,31.2918,
206.026,120.847,256,
212.748,256,167.377,
210.508,256,191.206,
9.53783,256,164.107,
100.252,256,7.38648,
256,36.841,213.973,
156.339,228.148,256,
183.865,256,228.057,
234.28,256,203.455,
253.12,256,46.3793,
145.112,256,53.4797,
47.2203,256,141.274,
218.822,256,212.073,
202.301,96.222,256,
66.5055,156.141,256,
170.792,217.346,256,
223.102,256,227.256,
209.127,256,39.1843,
256,169.497,58.7944,
256,12.4456,187.345,
256,77.8859,73.2634,
256,255.225,154.665,
256,178.41,68.7149,
256,112.11,17.7427,
256,38.1606,155.604,
256,194.932,247.081,
256,112.997,2.60067,
164.79,256,86.9777,
256,129.34,103.47,
256,249.472,215.883,
95.0069,149.735,256,
96.6894,128.542,256,
144.305,231.959,256,
176.532,154.277,256,
256,16.8792,28.8157,
227.163,188.838,256,
256,61.6328,21.7722,
121.104,256,235.606,
176.946,71.0075,256,
84.0716,41.2308,256,
121.367,256,43.1726,
175.143,256,253.133,
256,185.992,62.9539,
256,58.0387,131.311,
256,209.712,239.15,
99.8544,76.2372,256,
85.765,239.629,256,
86.5332,256,37.8963,
111.904,201.509,256,
256,22.4271,197.524,
114.464,21.444,256,
256,192.654,49.4206,
251.711,256,190.101,
13.1949,216.243,256,
256,247.279,84.706,
179.918,195.055,256,
256,170.682,40.7714,
253.722,256,31.7891,
256,19.1603,186.14,
206.716,216.811,256,
162.154,71.9456,256,
214.505,219.941,256,
256,126.149,181.01,
256,126.927,28.4748,
234.78,256,112.556,
256,114.775,4.68746,
168.244,256,0.812139,
256,32.2475,15.3996,
214.405,74.5909,256,
256,98.3505,188.852,
255.387,246.364,256,
49.9338,256,112.187,
8.06358,51.4358,256,
104.193,256,12.9377,
136.456,256,0.481582,
239.164,4.08174,256,
256,91.8133,145.485,
144.879,256,3.15921,
85.1331,256,76.8913,
62.2403,7.56091,256,
256,21.9532,234.945,
256,102.555,158.829,
157.043,256,81.0355,
177.877,31.6047,256,
256,5.9168,118.186,
185.412,256,47.5487,
256,65.0352,59.1585,
256,239.145,90.6219,
57.0918,256,49.4877,
256,44.3564,130.397,
14.5821,14.708,256,
213.282,256,103.383,
256,27.3026,183.714,
252.111,256,55.7102,
102.494,256,245.298,
135.871,174.259,256,
31.6201,190.348,256,
171.83,256,220.579,
4.81756,256,155.668,
131.06,256,74.2552,
256,254.864,94.2503,
224.272,243.088,256,
201.521,229.767,256,
256,108.83,231.823,
70.3709,256,5.86076,
256,156.869,31.1412,
182.47,256,33.1907,
130.022,256,174.857,
256,200.648,85.4453,
256,177.853,77.3527,
120.539,66.1855,256,
256,246.649,143.066,
205.174,43.4689,256,
256,237.186,86.8526,
256,24.4693,62.7347,
256,236.319,250.753,
182.205,256,58.17,
125.482,256,255.917,
16.9411,256,6.20722,
71.3109,234.749,256,
158.182,108.205,256,
73.7892,12.1902,256,
147.629,256,89.6516,
209.174,256,191.323,
2.35634,256,39.9048,
256,77.4761,250.896,
84.2595,166.744,256,
124.363,4.95529,256,
215.055,46.4294,256,
12.2275,256,99.8777,
29.8482,256,177.904,
256,179.363,63.0309,
147.124,74.8783,256,
167.478,256,7.54938,
256,222.73,225.182,
256,243.426,5.85849,
114.688,209.135,256,
146.072,256,136.101,
15.5281,256,243.61,
25.6571,145.78,256,
94.6442,195.415,256,
130.416,256,145.128,
256,172.68,117.99,
174.19,256,243.416,
256,143.143,28.0057,
80.4523,256,198.02,
37.4649,133.393,256,
152.082,256,161.928,
256,127.19,236.733,
69.9218,256,87.6416,
256,38.1046,106.201,
124.247,256,102.172,
109.34,256,102.718,
256,64.9996,195.607,
96.2799,245.29,256,
147.746,256,96.5982,
164.388,222.011,256,
22.5404,181.739,256,
256,117.381,32.2477,
143.4,175.582,256,
256,38.712,61.5026,
256,6.89139,81.5992,
44.0136,1.36672,256,
256,117.48,180.022,
256,70.969,49.2015,
256,172.103,221.553,
256,127.168,224.176,
150.896,256,12.6747,
76.4307,137.538,256,
256,89.9364,178.877,
3.41689,256,142.612,
87.9767,256,217.401,
26.1224,124.419,256,
219.137,256,192.189,
256,5.29124,68.9006,
22.3099,82.8146,256,
256,7.36105,193.468,
256,195.864,183.368,
61.4196,212.981,256,
256,235.205,186.416,
256,219.431,4.4331,
256,130.891,111.849,
242.479,212.134,256,
201.027,256,229.503,
15.4711,256,188.958,
94.2145,256,183.44,
248.759,256,72.8613,
206.73,44.4096,256,
256,77.4105,141.352,
132.905,54.1883,256,
256,143.87,73.2946,
192.828,256,62.4552,
19.7997,231.616,256,
115.701,256,107.464,
68.3243,256,24.1789,
98.637,30.3264,256,
256,255.196,32.3335,
236.755,256,127.086,
138.832,256,3.55723,
214.112,256,31.2663,
72.5753,224.041,256,
101.617,256,248.081,
256,254.89,110.981,
256,78.5261,250.933,
129.893,256,155.671,
69.8636,168.893,256,
2.19427,10.278,256,
256,141.374,84.863,
256,54.1524,112.408,
256,243.764,233.141,
256,113.282,36.3605,
256,151.198,245.234,
49.9606,256,113.931,
231.71,256,73.9514,
107.813,145.215,256,
256,43.1299,170.651,
227.919,222.923,256,
199.4,23.865,256,
256,201.861,37.6249,
256,139.442,134,
256,220.554,30.4466,
229.573,94.671,256,
118.412,256,100.208,
113.724,256,211.279,
256,43.5719,13.0776,
221.575,12.9524,256,
193.798,114.948,256,
256,121.005,173.938,
23.8966,43.4321,256,
256,176.049,232.195,
135.92,86.0181,256,
256,212.078,210.413,
48.8543,256,213.354,
228.755,256,117.168,
238.223,256,15.6677,
256,64.074,193.627,
53.4567,108.704,256,
113.695,121.719,256,
256,157.69,155.36,
256,28.7678,123.862,
96.9211,256,117.298,
201.194,256,212.68,
41.2037,256,40.348,
214.564,256,242.427,
256,92.3375,119.478,
196.69,256,214.405,
68.3882,83.7606,256,
195.27,117.49,256,
149.462,54.3287,256,
256,236.904,249.825,
256,85.0381,190.436,
36.9786,196.24,256,
131.503,24.3484,256,
217.577,256,250.826,
51.6585,239.515,256,
106.754,160.334,256,
256,244.586,190.681,
105.57,256,195.388,
74.8344,256,29.5091,
256,189.141,235.969,
256,176.116,51.4961,
167.623,256,28.9315,
170.399,256,121.406,
256,83.9074,84.6709,
66.0709,219.634,256,
256,153.025,209.04,
256,229.667,1.16973,
256,102.657,149.856,
112.909,256,241.433,
256,247.318,189.753,
129.151,256,170.007,
256,85.7134,154.203,
256,236.934,101.135,
256,101.535,120.822,
119.111,212.45,256,
157.885,217.093,256,
256,71.1275,168.962,
256,90.2291,22.884,
26.7874,256,221.312,
256,184.173,225.73,
256,98.8448,1.27665,
216.837,133.245,256,
256,6.1674,13.9573,
121.93,256,75.125,
6.03843,256,45.156,
211.265,256,85.1082,
95.814,107.651,256,
144.408,13.4765,256,
83.4703,205.159,256,
140.248,196.55,256,
212.581,256,62.2381,
58.0565,190.038,256,
177.828,24.7609,256,
42.5769,22.6242,256,
255.926,256,173.25,
256,21.7723,228.681,
256,253.676,20.3904,
31.8076,256,0.939968,
220.543,50.1003,256,
126.634,119.256,256,
148.292,203.627,256,
256,139.188,136.182,
256,26.9911,183.092,
256,145.15,239.102,
77.2705,233.862,256,
256,61.8868,78.9252,
256,249.571,34.1332,
166.775,256,190.95,
39.2162,256,231.008,
108.113,256,18.0725,
256,208.615,255.188,
147.705,68.2565,256,
138.27,8.55289,256,
22.3302,256,190.869,
256,252.16,148.488,
133.061,192.181,256,
256,217.602,181.912,
153.683,2.93915,256,
256,171.591,60.3082,
256,20.6778,213.34,
231.279,256,168.327,
256,62.3199,118.067,
57.892,94.4582,256,
199.179,89.9878,256,
98.8355,256,31.4229,
256,82.6533,246.72,
256,101.177,145.801,
256,173.544,230.61,
256,233.45,62.1983,
169.153,256,10.1207,
256,55.5848,220.559,
109.857,34.2526,256,
208.712,91.3322,256,
251.489,256,206.516,
256,73.561,187.997,
256,216.355,201.382,
55.0878,256,73.7689,
192.064,256,40.7582,
256,39.0504,13.1912,
256,189.726,135.866,
193.709,256,8.9188,
156.11,194.648,256,
94.0959,110.375,256,
215.43,256,5.76375,
256,141.135,99.2397,
256,14.5554,158.9,
99.7691,256,237.672,
256,124.876,225.93,
18.3296,256,187.49,
196.253,172.324,256,
14.5759,111.046,256,
16.078,256,60.11,
90.3114,175.109,256,
254.217,28.8755,256,
11.709,213.83,256,
43.9299,63.1572,256,
111.011,34.86,256,
256,168.29,166.295,
59.5223,256,31.5103,
101.119,74.1203,256,
85.745,152.638,256,
256,71.5562,114.449,
7.28644,36.0237,256,
71.1759,256,234.379,
235.808,256,5.57775,
256,9.78741,107.963,
256,12.1617,57.2892,
217.252,72.7119,256,
256,178.697,64.2705,
100.27,256,121.95,
245.946,256,45.8298,
1.06621,103.441,256,
55.6751,256,142.561,
161.057,256,154.738,
256,148.61,172.164,
64.934,151.06,256,
256,102.221,187.156,
14.0974,255.724,256,
256,102.84,152.333,
213.839,86.4145,256,
50.2316,185.168,256,
256,68.0699,215.508,
28.5442,92.4872,256,
152.372,256,150.367,
256,98.8029,119.882,
256,209.841,192.072,
256,117.127,73.2889,
256,154.966,238.756,
256,135.52,46.5868,
238.257,172.845,256,
145.489,93.9815,256,
131.658,159.761,256,
131.748,256,211.887,
256,19.8258,235.225,
256,66.8972,59.508,
56.7218,256,133.679,
96.3925,256,241.812,
93.0448,236.345,256,
192.437,256,70.0511,
176.831,85.3268,256,
98.2001,256,216.791,
234.697,141.264,256,
64.5903,110.603,256,
247.561,256,201.992,
185.276,256,249.82,
256,82.4626,137.249,
138.617,190.425,256,
71.5614,256,47.6431,
72.0854,165.712,256,
140.747,256,239.003,
174.782,41.8164,256,
256,173.776,8.45134,
242.183,256,161.58,
129.128,256,176.61,
153.013,256,50.5831,
28.206,256,215.512,
256,80.6589,96.9356,
256,33.2596,82.1758,
20.8282,256,238.758,
9.89908,256,174.427,
256,64.8212,78.4353,
173.629,248.271,256,
256,3.21055,101.756,
47.0278,256,35.6005,
149.775,219.558,256,
139.385,256,54.6346,
256,27.6969,107.138,
256,69.6723,56.9705,
256,29.3933,87.0301,
6.69593,256,23.921,
191.962,256,146.741,
256,32.4346,72.7338,
171.175,256,59.7078,
256,121.856,175.959,
256,25.3433,134.047,
250.63,256,129.809,
213.919,90.2254,256,
148.703,171.988,256,
256,20.9047,92.648,
51.1326,256,177.97,
224.781,256,255.179,
180.467,256,145.811,
156.31,256,108.699,
227.786,48.0874,256,
100.378,256,160.201,
256,74.7294,140.747,
256,85.6441,49.6175,
250.336,33.333,256,
148.804,256,150.298,
73.8166,256,148.331,
91.7877,199.902,256,
115.168,7.68437,256,
256,232.417,123.82,
256,209.918,22.424,
234.995,242.688,256,
256,48.0679,29.6294,
256,71.6092,177.026,
186.226,84.5319,256,
169.98,256,121.277,
256,140.954,67.8615,
10.2693,256,71.749,
138.014,256,44.8856,
196.538,256,173.182,
29.2113,256,14.811,
216.907,235.114,256,
256,139.913,37.9972,
256,223.576,142.713,
150.901,114.041,256,
256,159.787,132.606,
46.5854,256,245.599,
103.975,150.377,256,
145.479,256,7.08875,
155.578,120.517,256,
71.3332,256,185.694,
256,117.104,184.038,
182.939,164.43,256,
39.2001,256,54.0682,
34.3495,256,72.9885,
256,173.554,131.38,
256,115.853,134.39,
215.527,111.216,256,
95.8059,256,46.7628,
127.887,33.1919,256,
256,13.461,251.121,
9.85029,256,52.1497,
256,130.777,10.7867,
256,179.803,208.406,
202.348,15.9556,256,
256,176.056,182.93,
256,181.742,195.082,
129.68,256,157.245,
206.617,168.524,256,
35.5554,185.12,256,
247.832,256,84.8292,
256,153.789,65.9872,
181.897,157.574,256,
16.8109,256,131.058,
245.921,164.119,256,
256,251.139,168.159,
1.7117,256,138.443,
54.2132,238.238,256,
256,36.4196,4.55343,
244.453,256,236.939,
216.852,256,198.473,
188.734,256,26.0612,
252.308,256,230.793,
256,40.4619,44.7416,
74.363,256,7.49623,
256,183.754,151.719,
213.027,116.54,256,
245.695,158.721,256,
256,166.703,220.607,
256,76.0678,22.8624,
210.211,256,241.411,
62.413,256,124.324,
256,45.7847,9.21895,
256,242.095,153.623,
256,253.539,61.8228,
210.88,256,207.367,
18.4385,133.223,256,
31.5136,150.623,256,
256,243.839,136.416,
76.0843,221.423,256,
256,104.319,68.8143,
112.587,256,199.484,
62.1791,256,103.423,
256,27.3972,100.707,
239.972,256,62.8413,
52.6263,256,132.409,
236.449,76.4364,256,
65.8193,256,74.1686,
2.55607,145.488,256,
256,209.878,196.203,
256,232.315,217.552,
247.371,177.404,256,
23.603,117.644,256,
256,248.93,6.47373,
192.188,79.332,256,
14.1931,256,101.963,
2.47053,248.912,256,
19.684,114.991,256,
170.796,256,238.766,
229.899,256,108.846,
132.106,256,227.828,
233.468,48.3882,256,
7.12843,25.0149,256,
256,75.6072,152.086,
256,250.611,33.611,
256,51.9375,22.6028,
256,217.345,58.9022,
216.714,165.194,256,
164.797,256,246.512,
225.203,88.8036,256,
256,85.4204,202.545,
256,251.635,242.926,
55.706,65.8145,256,
95.0801,1.4992,256,
256,116.381,216.832,
181.946,61.2443,256,
149.247,102.945,256,
244.691,256,199.49,
134.032,256,4.01331,
256,100.732,189.049,
256,243.562,240.336,
256,55.1814,149.913,
222.274,137.976,256,
93.7557,256,87.7876,
245.043,14.8369,256,
256,65.3317,94.727,
256,111.977,71.5978,
15.7482,222.15,256,
16.6607,63.6742,256,
164.618,184.08,256,
256,15.8656,207.291,
113.779,103.391,256,
244.635,256,63.5325,
180.368,78.1569,256,
206.424,256,163.453,
36.6515,15.7435,256,
64.7068,15.522,256,
140.287,17.5843,256,
17.3184,84.1471,256,
28.0166,256,103.968,
177.67,256,92.7576,
256,254.934,8.51046,
256,39.4681,54.8627,
194.184,38.7875,256,
135.149,247.577,256,
216.224,256,142.911,
201.578,21.3449,256,
256,13.6459,148.313,
29.125,256,142.945,
197.805,256,26.3073,
87.6688,256,91.7581,
93.3915,256,92.9625,
13.3024,16.533,256,
193.078,104.677,256,
71.3999,1.86366,256,
256,154.399,221.853,
214.197,256,245.943,
256,228.954,237.868,
110.531,100.928,256,
256,134.085,133.225,
256,55.9932,15.4852,
256,62.1515,255.472,
104.477,148.738,256,
256,202.22,196.75,
145.781,9.64028,256,
242.169,256,1.27554,
134.652,256,218.639,
103.031,25.5305,256,
256,65.7466,227.502,
65.6501,256,211.063,
249.863,256,188.42,
256,27.4411,248.754,
256,32.8745,48.753,
209.756,164.442,256,
253.403,256,252.851,
256,61.3767,239.903,
256,120.325,69.9131,
256,247.982,17.5735,
34.2665,256,232.656,
60.1596,19.0324,256,
123.361,193.719,256,
256,89.4482,167.319,
78.1912,256,49.5491,
139.858,256,173.174,
256,11.5799,41.9731,
69.6263,256,135.528,
155.011,51.6652,256,
217.813,256,145.125,
161.593,158.36,256,
256,102.054,237.555,
256,247.515,92.8469,
256,51.6618,223.261,
192.459,256,153.426,
256,237.329,4.8752,
234.496,256,105.105,
256,220.284,90.1347,
256,130.045,252.815,
256,27.0705,216.976,
12.8831,6.94829,256,
211.816,256,191.691,
175.578,256,90.6931,
218.304,256,149.707,
256,37.4936,239.413,
203.94,124.147,256,
102.828,256,120.268,
28.2794,218.684,256,
175.117,132.772,256,
255.529,163.47,256,
234.395,75.456,256,
256,61.9914,82.6614,
196.693,54.005,256,
256,129.005,9.34881,
247.475,6.76811,256,
256,165.888,51.5371,
256,176.285,103.074,
174.673,108.18,256,
20.9948,170.68,256,
256,237.264,53.8252,
17.8437,79.9457,256,
256,156.685,175.085,
192.037,256,128.045,
87.1043,215.919,256,
149.481,4.14911,256,
53.8674,192.594,256,
256,211.056,7.22975,
256,20.4452,232.422,
170.896,183.157,256,
224.137,256,222.41,
127.473,183.24,256,
256,28.5795,102.468,
256,25.284,18.4903,
211.124,123.387,256,
245.863,256,17.9983,
199.653,26.5681,256,
145.126,256,255.486,
79.7787,256,60.8273,
148.413,256,175.424,
108.319,256,171.265,
3.99645,231.072,256,
209.673,246.514,256,
256,191.778,70.1766,
249.638,128.07,256,
167.675,256,247.521,
256,0.0731712,193.02,
49.7124,20.2377,256,
256,47.5886,235.901,
188.766,14.1796,256,
256,137.808,135.268,
51.0068,256,28.2581,
248.594,256,213.016,
74.3006,256,170.65,
66.9986,218.665,256,
21.7339,256,34.818,
191.653,256,198.17,
72.9024,54.0288,256,
256,95.3681,8.35781,
25.8801,186.27,256,
28.4825,256,237.99,
256,39.3297,176.813,
137.248,256,18.9493,
120.578,193.545,256,
256,46.7739,183.548,
256,81.7999,193.133,
41.9264,256,129.119,
151.529,169.333,256,
242.223,256,222.089,
256,135.906,3.2605,
81.2642,120.722,256,
198.813,189.152,256,
256,107.533,139.637,
193.341,29.2594,256,
125.11,256,211.433,
256,244.671,225.537,
162.564,256,108.935,
26.4067,256,207.105,
184.121,256,255.339,
130.471,256,31.1451,
41.3968,154.574,256,
256,11.5354,45.8674,
174.881,256,206.81,
29.8586,256,253.84,
94.2245,256,72.2181,
241.028,256,158.77,
156.49,56.6319,256,
155.723,256,110.804,
217.094,238.54,256,
256,224.331,227.531,
190.639,198.787,256,
123.851,110.006,256,
133.52,39.0536,256,
6.62355,256,74.3892,
59.0488,46.0968,256,
60.4115,135.09,256,
117.677,158.537,256,
69.7035,256,110.902,
184.307,256,217.785,
159.766,256,5.71675,
256,186.264,71.584,
185.688,256,18.7458,
256,149.753,34.071,
220.888,173.779,256,
53.9114,256,253.873,
16.6845,98.3701,256,
241.336,82.0511,256,
193.621,105.131,256,
256,227.272,145.19,
171.77,160.578,256,
256,98.6615,133.951,
203.072,131.043,256,
256,226.76,63.9432,
116.638,81.9183,256,
255.056,68.6134,256,
231.007,152.656,256,
110.688,256,154.339,
120.593,221.33,256,
89.4708,256,133.124,
152.382,169.162,256,
18.3989,2.93088,256,
164.568,256,234.361,
27.9685,256,19.9341,
256,13.8354,133.87,
256,197.941,239.735,
21.5919,256,166.057,
256,88.2927,148.005,
183.3,256,152.377,
256,234.864,162.072,
256,97.546,181.682,
256,109.623,205.007,
223.734,51.269,256,
185.382,181.31,256,
223.313,256,31.5869,
256,16.8324,120.159,
256,61.4323,223.63,
256,52.3786,13.8733,
128.457,59.9882,256,
256,213.834,5.22822,
193.326,256,179.599,
256,187.625,239.291,
64.7079,100.856,256,
51.0174,256,153.468,
256,28.8326,79.624,
43.2241,256,111.329,
256,183.201,219.164,
256,60.7666,74.625,
229.315,194.258,256,
39.5461,256,213.287,
232.532,60.0846,256,
256,146.798,6.0204,
106.279,125.61,256,
126.195,97.2642,256,
148.373,76.6292,256,
256,33.6355,133.462,
256,39.9615,95.2663,
256,196.886,78.5411,
45.8467,256,202.373,
183.348,68.2394,256,
92.7792,70.294,256,
256,82.505,210.551,
67.2658,42.8001,256,
256,106.676,110.06,
28.4459,256,155.343,
216.594,256,183.936,
256,91.9401,152.665,
256,121.997,50.1589,
246.54,97.3686,256,
150.453,152.239,256,
68.1254,256,53.0726,
110.676,256,175.098,
38.9452,65.5804,256,
242.849,252.224,256,
256,28.1744,3.80584,
242.262,211.452,256,
256,212.507,219.381,
19.2771,213.617,256,
144.906,256,110.615,
256,18.2177,126.04,
256,75.5942,99.1036,
256,185.22,69.3073,
256,188.365,158.848,
256,196.895,220.457,
161.139,48.9058,256,
252.877,256,120.125,
130.415,256,196.166,
256,248.191,170.209,
150.67,256,121.285,
256,170.051,39.1777,
256,208.379,130.861,
168.245,256,29.2209,
156.906,172.608,256,
132.595,164.312,256,
234.996,256,8.83709,
201.265,256,35.9102,
49.4657,256,190.991,
256,175.202,137.981,
221.103,234.087,256,
4.6445,256,167.538,
256,177.223,136.675,
256,14.7602,152.607,
189.174,256,182.557,
256,79.6316,216.47,
33.7437,233.762,256,
256,223.971,254.516,
237.458,256,125.5,
256,13.6912,162.909,
256,86.7029,121.141,
256,167.529,116.758,
177.76,111.462,256,
112.607,256,235.851,
156.75,256,92.7001,
19.0445,256,117.063,
200.845,256,65.0941,
256,128.859,6.91553,
256,184.348,105.933,
115.443,256,78.8039,
70.9141,4.74736,256,
256,215.267,253.352,
256,97.7904,12.0592,
135.612,256,86.5808,
256,120.161,172.829,
256,183.474,223.528,
34.9054,253.607,256,
233.327,256,76.1485,
256,232.178,110.383,
137.413,166.71,256,
209.76,196.163,256,
136.126,18.4183,256,
226.031,256,138.632,
222.946,256,244.229,
256,243.753,182.248,
3.41968,106.039,256,
44.085,189.345,256,
10.4139,256,9.84682,
6.86521,256,221.132,
256,231.623,151.864,
251.679,136.36,256,
55.5642,256,162,
195.749,256,155.524,
145.538,256,7.58963,
148.134,256,191.429,
125.099,53.278,256,
71.8684,175.812,256,
251.101,256,252.077,
256,244.132,54.3206,
140.46,256,158.499,
256,142.337,183.409,
210.39,13.5157,256,
149.408,256,218.648,
256,188.319,158.83,
34.0434,197.726,256,
227.666,61.4048,256,
69.2971,256,92.0246,
164.87,256,0.476464,
58.9176,69.7444,256,
133.727,143.592,256,
256,113.198,7.024,
256,116.46,70.786,
45.4987,256,15.8972,
256,60.2011,11.5292,
226.884,195.626,256,
86.2586,239.229,256,
215.892,159.811,256,
256,44.2662,110.701,
132.785,256,49.4707,
81.1203,37.0482,256,
155.388,256,52.9691,
241.098,219.118,256,
3.01059,39.4679,256,
253.986,256,166.826,
256,133.251,207.264,
256,221.93,59.3615,
128.193,256,108.126,
217.273,256,189.993,
246.245,97.0174,256,
167.66,171.261,256,
89.7479,256,15.3056,
256,249.921,114.515,
205.166,5.84429,256,
256,218.341,195.057,
248.16,118.5,256,
228.078,256,161.911,
151.358,150.344,256,
256,211.423,222.977,
223.774,256,58.0406,
149.228,256,159.785,
128.551,183.702,256,
256,69.0609,103.577,
245.087,256,213.454,
256,55.4976,175.754,
168.446,256,213.016,
256,87.935,254.804,
7.78229,256,206.832,
164.549,256,193.906,
256,230.966,237.38,
180.211,256,252.176,
210.762,256,196.198,
256,135.813,252.472,
110.132,48.4264,256,
112.02,256,185.557,
256,219.07,59.3363,
177.034,256,66.0668,
106.179,256,190.134,
256,228.428,118.99,
134.924,210.173,256,
79.3072,256,72.2405,
182.159,256,30.6602,
256,36.2888,141.5,
256,228.119,28.991,
0.0479514,256,23.509,
256,102.477,225.359,
256,115.668,16.9025,
175.344,256,5.80872,
27.1802,256,145.152,
67.821,253.504,256,
256,103.483,5.20833,
68.9209,151.938,256,
256,35.301,130.992,
163.189,235.756,256,
49.4827,172.381,256,
7.22949,99.0781,256,
205.368,256,163.453,
173.444,256,118.049,
256,228.023,127.177,
228.115,256,60.1244,
256,217.058,0.288409,
244.39,256,101.306,
22.7023,256,146.725,
55.2841,256,152.8,
46.0463,110.846,256,
9.48016,213.307,256,
256,174.442,255.984,
256,103.813,105.761,
206.776,111.22,256,
256,43.4554,165.418,
46.6142,26.4252,256,
256,142.03,157.428,
256,132.302,117.458,
256,116.701,10.5775,
256,209.733,102.078,
152.344,256,147.048,
189.358,256,185.035,
230.226,6.84946,256,
256,133.175,115.083,
142.489,256,48.8808,
256,199.739,80.2059,
256,106.748,206.311,
256,101.793,132.804,
248.821,256,125.544,
256,94.0536,83.8197,
164.6,193.678,256,
215.813,256,63.8665,
37.8892,107.576,256,
47.2076,256,218.5,
256,174.612,134.976,
